{
  "hash": "dd8392d2",
  "configHash": "d4ca70fa",
  "lockfileHash": "aef44e04",
  "browserHash": "6f8b9610",
  "optimized": {
    "@angular/core": {
      "src": "../../../../../../node_modules/@angular/core/fesm2022/core.mjs",
      "file": "@angular_core.js",
      "fileHash": "716ff8c0",
      "needsInterop": false
    },
    "@angular/platform-browser": {
      "src": "../../../../../../node_modules/@angular/platform-browser/fesm2022/platform-browser.mjs",
      "file": "@angular_platform-browser.js",
      "fileHash": "da433b6e",
      "needsInterop": false
    },
    "@angular/router": {
      "src": "../../../../../../node_modules/@angular/router/fesm2022/router.mjs",
      "file": "@angular_router.js",
      "fileHash": "c9ba13ea",
      "needsInterop": false
    }
  },
  "chunks": {
    "chunk-XLPCLLTN": {
      "file": "chunk-XLPCLLTN.js"
    },
    "chunk-MHO7SAPS": {
      "file": "chunk-MHO7SAPS.js"
    }
  }
}